{
  "0": {
    "id": 0,
    "name": "NDVI",
    "active": 0,
    "selectedDateIndex":0,
    "availableDates": ["20190505", "20190506","20190615","20190620"],
    "displayDate":"",
    "opacity": 1,
    "statistics": {
      "min": -1,
      "max": 1,
      "average": 0,
      "std": 1,
      "median": 1
    },
    "displaySettings":{
      "min":-1,
      "max":1,
      "nClasses": 40
    },
    "legend":{
      "type": "continous",
      "classBreaks": [0, 2.5, 5, 7.5, 10, 12.5, 15, 17.5, 20, 22.5, 25, 27.5, 30, 32.5, 35, 37.5, 40, 42.5, 45, 47.5, 50, 52.5, 55, 57.5, 60, 62.5, 65, 67.5, 70, 72.5, 75, 77.5, 80, 82.5, 85, 87.5, 90, 92.5, 95, 97.5, 100],
      "colours": [[255, 38, 0],[255, 51, 0],[255, 64, 0],[255, 77, 0],[255, 89, 0],[255, 102, 0],[255, 111, 0],[255, 123, 0],[255, 132, 0],[255, 145, 0],[255, 153, 0],[255, 162, 0],[255, 174, 0],[255, 183, 0],[255, 195, 0],[255, 204, 0],[255, 217, 0],[255, 225, 0],[255, 238, 0],[255, 247, 0],[255, 255, 0],[241, 245, 0],[225, 237, 0],[214, 230, 0],[197, 219, 0],[183, 212, 0],[171, 201, 0],[158, 194, 0],[146, 186, 0],[134, 179, 0],[122, 171, 0],[107, 161, 0],[97, 153, 0],[85, 145, 0],[76, 138, 0],[63, 130, 0],[54, 125, 0],[43, 117, 0],[31, 110, 0],[19, 102, 0],[0, 97, 0]]
    }
  },
  "1": {
    "id": 1,
    "name": "Precipitation",
    "active": 0,
    "selectedDateIndex":0,
    "availableDates": ["20190505", "20190506","20190507","20190518"],
    "displayDate":"",
    "opacity": 1,
    "statistics": {
      "min": 0,
      "max": 200,
      "average": 0,
      "std": 1,
      "median": 1
    },
    "displaySettings":{
      "min":0,
      "max":200,
      "nClasses":16
    },
    "legend":{
      "type": "discrete",
      "classBreaks": [0, 12.5, 25, 37.5, 50, 62.5, 75, 87.5, 100, 112.5, 125, 137.5, 150, 162.5, 175, 187.5, 200],
      "colours": []
    }
  },
  "2": {
    "id": 2,
    "name": "EVI",
    "active": 0,
    "selectedDateIndex":0,
    "availableDates": ["20190505", "20190506","20190507","20190518"],
    "displayDate":"",
    "opacity": 1,
    "statistics": {
      "min": 0,
      "max": 100,
      "average": 0,
      "std": 1,
      "median": 1
    },
    "displaySettings":{
      "min":0,
      "max":100,
      "nClasses": 7
    },
    "legend":{
      "type": "discrete",
      "classBreaks": [0, 14.285714285714286, 28.571428571428573, 42.85714285714286, 57.142857142857146, 71.42857142857143, 85.71428571428572, 100.0000000000000],
      "colours": []
    }
  }
}
